distancia_m,densidad_potencia_W_m2,campo_electrico_V_m,potencia_rx_dBm,potencia_dc_mW,voltaje_dc_V
0.3,2.48227,43.2619,21.8946,126.1,15.8808
0.311779,2.29825,41.6274,21.5601,116.742,15.2802
0.323559,2.13396,40.1119,21.238,108.387,14.7233
0.335338,1.98667,38.7029,20.9274,100.897,14.2055
0.347118,1.85412,37.3895,20.6275,94.1572,13.7228
0.358897,1.73441,36.1623,20.3376,88.0697,13.2718
0.370677,1.62593,35.0132,20.0571,82.5533,12.8494
0.382456,1.52732,33.9348,19.7854,77.5387,12.453
0.394236,1.43741,32.9208,19.5219,72.9669,12.0803
0.406015,1.35521,31.9657,19.2662,68.7872,11.7292
0.417794,1.27987,31.0645,19.0178,64.956,11.3979
0.429574,1.21064,30.2126,18.7763,61.4356,11.0847
0.441353,1.14688,29.4063,18.5413,58.1933,10.7883
0.453133,1.08803,28.6418,18.3125,55.2006,10.5072
0.464912,1.03359,27.9162,18.0896,52.4324,10.2404
0.476692,0.983143,27.2263,17.8723,49.867,9.98669
0.488471,0.936298,26.5698,17.6603,47.4848,9.74524
0.500251,0.892723,25.9441,17.4533,45.269,9.51515
0.51203,0.852121,25.3473,17.2511,43.2043,9.29563
0.52381,0.814226,24.7773,17.0536,41.2774,9.08597
0.535589,0.778805,24.2323,16.8604,39.4762,8.88551
0.547368,0.745646,23.7108,16.6714,37.79,8.69368
0.559148,0.71456,23.2113,16.4865,36.2093,8.50991
0.570927,0.685378,22.7324,16.3054,34.7254,8.33371
0.582707,0.657948,22.2729,16.128,33.3305,8.16462
0.594486,0.632133,21.8316,15.9542,32.0178,8.00223
0.606266,0.607807,21.4074,15.7838,30.7808,7.84613
0.618045,0.58486,20.9994,15.6166,29.6139,7.69596
0.629825,0.563187,20.6066,15.4527,28.5119,7.55141
0.641604,0.542698,20.2283,15.2917,27.47,7.41215
0.653383,0.523306,19.8636,15.1337,26.4839,7.2779
0.665163,0.504936,19.5119,14.9785,25.5498,7.1484
0.676942,0.487516,19.1723,14.826,24.664,7.02339
0.688722,0.470982,18.8444,14.6762,23.8232,6.90264
0.700501,0.455275,18.5275,14.5289,23.0246,6.78595
0.712281,0.440342,18.2211,14.384,22.2652,6.67311
0.72406,0.426131,17.9247,14.2415,21.5426,6.56392
0.73584,0.412597,17.6378,14.1014,20.8544,6.45823
0.747619,0.399697,17.3599,13.9634,20.1984,6.35585
0.759398,0.387394,17.0906,13.8276,19.5728,6.25665
0.771178,0.375649,16.8295,13.694,18.9756,6.16046
0.782957,0.364431,16.5763,13.5623,18.4052,6.06716
0.794737,0.353708,16.3306,13.4326,17.8599,5.97661
0.806516,0.343452,16.0921,13.3048,17.3384,5.8887
0.818296,0.333635,15.8605,13.1788,16.8392,5.80331
0.830075,0.324233,15.6354,13.0547,16.3612,5.72034
0.841855,0.315223,15.4166,12.9323,15.903,5.63968
0.853634,0.306583,15.2039,12.8116,15.4637,5.56124
0.865414,0.298294,14.9969,12.6926,15.0422,5.48493
0.877193,0.290337,14.7956,12.5751,14.6376,5.41065
0.888972,0.282693,14.5995,12.4593,14.2489,5.33834
0.900752,0.275348,14.4086,12.3449,13.8755,5.26791
0.912531,0.268285,14.2226,12.2321,13.5163,5.19929
0.924311,0.261491,14.0413,12.1207,13.1709,5.13242
0.93609,0.254951,13.8646,12.0107,12.8383,5.06722
0.94787,0.248654,13.6923,11.9021,12.5181,5.00363
0.959649,0.242587,13.5243,11.7948,12.2097,4.94159
0.971429,0.236739,13.3603,11.6888,11.9123,4.88105
0.983208,0.231101,13.2002,11.5841,11.6256,4.82196
0.994987,0.225661,13.0439,11.4807,11.3491,4.76426
1.00677,0.220411,12.8913,11.3785,11.0822,4.7079
1.01855,0.215343,12.7422,11.2774,10.8244,4.65284
1.03033,0.210447,12.5966,11.1776,10.5755,4.59902
1.04211,0.205716,12.4542,11.0788,10.335,4.54642
1.05388,0.201143,12.315,10.9812,10.1025,4.49499
1.06566,0.196721,12.1788,10.8846,9.87764,4.44469
1.07744,0.192443,12.0457,10.7892,9.66014,4.39548
1.08922,0.188303,11.9154,10.6947,9.44966,4.34733
1.101,0.184296,11.7879,10.6013,9.2459,4.30021
1.11278,0.180415,11.6632,10.5088,9.04857,4.25407
1.12456,0.176655,11.541,10.4174,8.85742,4.2089
1.13634,0.173011,11.4214,10.3269,8.67218,4.16466
1.14812,0.16948,11.3042,10.2373,8.49262,4.12131
1.1599,0.166055,11.1894,10.1486,8.3185,4.07885
1.17168,0.162733,11.0769,10.0609,8.1496,4.03723
1.18346,0.159509,10.9666,9.97398,7.98573,3.99643
1.19524,0.156381,10.8586,9.88795,7.82668,3.95643
1.20702,0.153343,10.7526,9.80277,7.67226,3.91721
1.2188,0.150394,10.6487,9.71841,7.5223,3.87874
1.23058,0.147528,10.5467,9.63487,7.37663,3.841
1.24236,0.144744,10.4467,9.55212,7.23509,3.80397
1.25414,0.142038,10.3486,9.47015,7.09751,3.76763
1.26591,0.139407,10.2523,9.38895,6.96376,3.73196
1.27769,0.136848,10.1578,9.3085,6.83369,3.69694
1.28947,0.134359,10.065,9.22879,6.70717,3.66256
1.30125,0.131938,9.97389,9.14981,6.58408,3.6288
1.31303,0.129581,9.88442,9.07153,6.46428,3.59563
1.32481,0.127287,9.79653,8.99396,6.34767,3.56305
1.33659,0.125053,9.71019,8.91707,6.23413,3.53104
1.34837,0.122878,9.62536,8.84085,6.12355,3.49958
1.36015,0.120759,9.542,8.7653,6.01583,3.46867
1.37193,0.118694,9.46008,8.6904,5.91088,3.43828
1.38371,0.116682,9.37954,8.61615,5.8086,3.4084
1.39549,0.11472,9.30037,8.54252,5.70889,3.37902
1.40727,0.112808,9.22252,8.4695,5.61169,3.35013
1.41905,0.110943,9.14597,8.3971,5.51689,3.32171
1.43083,0.109123,9.07067,8.3253,5.42443,3.29376
1.44261,0.107349,8.99661,8.25408,5.33423,3.26626
1.45439,0.105617,8.92374,8.18345,5.24621,3.2392
1.46617,0.103926,8.85204,8.11338,5.1603,3.21257
1.47794,0.102276,8.78149,8.04388,5.07644,3.18636
1.48972,0.100665,8.71206,7.97492,4.99457,3.16056
1.5015,0.0990921,8.64371,7.90651,4.91461,3.13516
1.51328,0.0975555,8.57643,7.83864,4.83652,3.11015
1.52506,0.0960543,8.51018,7.77129,4.76023,3.08552
1.53684,0.0945874,8.44495,7.70446,4.68569,3.06127
1.54862,0.093154,8.38072,7.63814,4.61285,3.03738
1.5604,0.0917528,8.31745,7.57232,4.54165,3.01385
1.57218,0.0903831,8.25513,7.50699,4.47204,2.99067
1.58396,0.0890438,8.19374,7.44216,4.40399,2.96782
1.59574,0.087734,8.13326,7.3778,4.33744,2.94531
1.60752,0.086453,8.07366,7.31392,4.27234,2.92313
1.6193,0.0851997,8.01493,7.25051,4.20867,2.90126
1.63108,0.0839736,7.95705,7.18755,4.14637,2.87971
1.64286,0.0827737,7.89999,7.12505,4.0854,2.85846
1.65464,0.0815994,7.84375,7.06299,4.02574,2.83751
1.66642,0.0804498,7.78831,7.00137,3.96733,2.81685
1.6782,0.0793244,7.73364,6.94019,3.91016,2.79648
1.68997,0.0782225,7.67974,6.87944,3.85418,2.77639
1.70175,0.0771433,7.62658,6.8191,3.79935,2.75658
1.71353,0.0760863,7.57415,6.75919,3.74566,2.73703
1.72531,0.0750509,7.52244,6.69968,3.69306,2.71774
1.73709,0.0740365,7.47143,6.64058,3.64153,2.69872
1.74887,0.0730425,7.4211,6.58188,3.59104,2.67994
1.76065,0.0720684,7.37145,6.52357,3.54156,2.66141
1.77243,0.0711137,7.32246,6.46565,3.49307,2.64313
1.78421,0.0701778,7.27412,6.40812,3.44553,2.62508
1.79599,0.0692603,7.22641,6.35096,3.39893,2.60727
1.80777,0.0683606,7.17932,6.29418,3.35324,2.58969
1.81955,0.0674784,7.13285,6.23777,3.30843,2.57233
1.83133,0.0666131,7.08697,6.18172,3.26449,2.55519
1.84311,0.0657644,7.04167,6.12603,3.22139,2.53826
1.85489,0.0649317,6.99695,6.07069,3.17911,2.52155
1.86667,0.0641148,6.9528,6.01571,3.13762,2.50504
1.87845,0.0633132,6.9092,5.96107,3.09692,2.48874
1.89023,0.0625266,6.86614,5.90677,3.05698,2.47264
1.90201,0.0617545,6.82362,5.85281,3.01777,2.45674
1.91378,0.0609966,6.78162,5.79918,2.97929,2.44102
1.92556,0.0602526,6.74014,5.74588,2.94152,2.4255
1.93734,0.0595222,6.69915,5.69291,2.90444,2.41016
1.94912,0.0588049,6.65867,5.64026,2.86802,2.395
1.9609,0.0581005,6.61867,5.58792,2.83226,2.38003
1.97268,0.0574087,6.57915,5.5359,2.79715,2.36523
1.98446,0.0567292,6.54009,5.48419,2.76265,2.3506
1.99624,0.0560617,6.5015,5.43278,2.72877,2.33614
2.00802,0.0554059,6.46336,5.38168,2.69548,2.32185
2.0198,0.0547615,6.42567,5.33088,2.66278,2.30772
2.03158,0.0541283,6.38841,5.28037,2.63064,2.29375
2.04336,0.0535061,6.35158,5.23015,2.59906,2.27994
2.05514,0.0528944,6.31518,5.18022,2.56802,2.26628
2.06692,0.0522933,6.27919,5.13058,2.53752,2.25278
2.0787,0.0517023,6.24361,5.08122,2.50753,2.23943
2.09048,0.0511213,6.20842,5.03214,2.47805,2.22623
2.10226,0.05055,6.17364,4.98333,2.44906,2.21317
2.11404,0.0499882,6.13924,4.9348,2.42056,2.20025
2.12581,0.0494358,6.10522,4.88653,2.39253,2.18748
2.13759,0.0488924,6.07157,4.83854,2.36496,2.17484
2.14937,0.048358,6.0383,4.7908,2.33785,2.16234
2.16115,0.0478323,6.00539,4.74333,2.31119,2.14997
2.17293,0.0473151,5.97283,4.69612,2.28495,2.13773
2.18471,0.0468062,5.94063,4.64916,2.25914,2.12563
2.19649,0.0463056,5.90877,4.60245,2.23375,2.11365
2.20827,0.0458129,5.87725,4.556,2.20876,2.10179
2.22005,0.045328,5.84607,4.50979,2.18417,2.09006
2.23183,0.0448508,5.81521,4.46382,2.15997,2.07845
2.24361,0.0443811,5.78468,4.4181,2.13615,2.06696
2.25539,0.0439187,5.75447,4.37261,2.11271,2.05558
2.26717,0.0434635,5.72457,4.32737,2.08963,2.04432
2.27895,0.0430153,5.69498,4.28236,2.06691,2.03318
2.29073,0.0425741,5.6657,4.23758,2.04454,2.02215
2.30251,0.0421396,5.63671,4.19303,2.02251,2.01123
2.31429,0.0417117,5.60802,4.1487,2.00083,2.00041
2.32607,0.0412903,5.57962,4.1046,1.97947,1.98971
2.33784,0.0408753,5.55151,4.06073,1.95843,1.97911
2.34962,0.0404665,5.52368,4.01707,1.93771,1.96861
2.3614,0.0400637,5.49612,3.97364,1.9173,1.95822
2.37318,0.039667,5.46884,3.93042,1.8972,1.94792
2.38496,0.0392762,5.44183,3.88741,1.8774,1.93773
2.39674,0.038891,5.41509,3.84462,1.85788,1.92763
2.40852,0.0385116,5.3886,3.80203,1.83866,1.91763
2.4203,0.0381376,5.36238,3.75966,1.81971,1.90773
2.43208,0.0377691,5.3364,3.71748,1.80104,1.89792
2.44386,0.0374058,5.31068,3.67552,1.78265,1.8882
2.45564,0.0370478,5.28521,3.63375,1.76451,1.87857
2.46742,0.036695,5.25998,3.59219,1.74664,1.86903
2.4792,0.0363471,5.23498,3.55082,1.72903,1.85958
2.49098,0.0360041,5.21023,3.50965,1.71166,1.85022
2.50276,0.035666,5.18571,3.46867,1.69454,1.84095
2.51454,0.0353326,5.16141,3.42788,1.67766,1.83175
2.52632,0.0350039,5.13735,3.38729,1.66102,1.82265
2.5381,0.0346798,5.1135,3.34688,1.64461,1.81362
2.54987,0.0343601,5.08988,3.30667,1.62843,1.80468
2.56165,0.0340448,5.06648,3.26663,1.61247,1.79581
2.57343,0.0337339,5.04329,3.22678,1.59673,1.78703
2.58521,0.0334271,5.02031,3.18712,1.58121,1.77832
2.59699,0.0331246,4.99754,3.14763,1.5659,1.76969
2.60877,0.0328261,4.97497,3.10832,1.5508,1.76114
2.62055,0.0325317,4.95261,3.06919,1.5359,1.75266
2.63233,0.0322412,4.93044,3.03023,1.52121,1.74425
2.64411,0.0319546,4.90848,2.99145,1.50671,1.73592
2.65589,0.0316717,4.88671,2.95284,1.4924,1.72766
2.66767,0.0313927,4.86513,2.9144,1.47829,1.71947
2.67945,0.0311172,4.84374,2.87613,1.46436,1.71135
2.69123,0.0308454,4.82254,2.83803,1.45062,1.7033
2.70301,0.0305772,4.80153,2.8001,1.43705,1.69532
2.71479,0.0303124,4.78069,2.76233,1.42367,1.6874
2.72657,0.0300511,4.76004,2.72472,1.41046,1.67956
2.73835,0.0297931,4.73956,2.68728,1.39742,1.67177
2.75013,0.0295384,4.71926,2.64999,1.38454,1.66406
2.7619,0.029287,4.69913,2.61287,1.37184,1.6564
2.77368,0.0290388,4.67918,2.5759,1.35929,1.64881
2.78546,0.0287937,4.65939,2.53909,1.34691,1.64129
2.79724,0.0285517,4.63977,2.50244,1.33468,1.63382
2.80902,0.0283127,4.62031,2.46594,1.32261,1.62641
2.8208,0.0280767,4.60102,2.42959,1.31069,1.61907
2.83258,0.0278437,4.58188,2.39339,1.29892,1.61178
2.84436,0.0276136,4.56291,2.35735,1.2873,1.60456
2.85614,0.0273863,4.54409,2.32145,1.27582,1.59739
2.86792,0.0271618,4.52543,2.2857,1.26449,1.59027
2.8797,0.02694,4.50692,2.2501,1.25329,1.58322
2.89148,0.026721,4.48856,2.21464,1.24223,1.57622
2.90326,0.0265046,4.47034,2.17933,1.23131,1.56927
2.91504,0.0262908,4.45228,2.14416,1.22052,1.56238
2.92682,0.0260796,4.43436,2.10913,1.20987,1.55555
2.9386,0.0258709,4.41659,2.07424,1.19934,1.54877
2.95038,0.0256648,4.39895,2.03949,1.18894,1.54203
2.96216,0.0254611,4.38146,2.00489,1.17866,1.53536
2.97393,0.0252598,4.3641,1.97041,1.16851,1.52873
2.98571,0.0250608,4.34689,1.93608,1.15847,1.52215
2.99749,0.0248643,4.3298,1.90188,1.14856,1.51563
3.00927,0.02467,4.31286,1.86781,1.13876,1.50915
3.02105,0.024478,4.29604,1.83388,1.12908,1.50272
3.03283,0.0242882,4.27935,1.80007,1.11952,1.49634
3.04461,0.0241006,4.2628,1.7664,1.11006,1.49001
3.05639,0.0239152,4.24637,1.73286,1.10072,1.48372
3.06817,0.0237319,4.23007,1.69945,1.09148,1.47749
3.07995,0.0235507,4.21389,1.66617,1.08236,1.4713
3.09173,0.0233716,4.19783,1.63301,1.07333,1.46515
3.10351,0.0231946,4.1819,1.59998,1.06441,1.45905
3.11529,0.0230195,4.16609,1.56708,1.05559,1.45299
3.12707,0.0228464,4.15039,1.5343,1.04688,1.44698
3.13885,0.0226752,4.13482,1.50164,1.03826,1.44101
3.15063,0.022506,4.11936,1.4691,1.02974,1.43509
3.16241,0.0223386,4.10401,1.43669,1.02132,1.42921
3.17419,0.0221732,4.08878,1.4044,1.01299,1.42337
3.18596,0.0220095,4.07367,1.37222,1.00475,1.41757
3.19774,0.0218476,4.05866,1.34017,0.996608,1.41181
3.20952,0.0216876,4.04377,1.30823,0.988554,1.4061
3.2213,0.0215292,4.02898,1.27641,0.980591,1.40042
3.23308,0.0213726,4.0143,1.24471,0.972715,1.39479
3.24486,0.0212178,3.99973,1.21312,0.964926,1.38919
3.25664,0.0210645,3.98526,1.18164,0.957222,1.38363
3.26842,0.020913,3.9709,1.15028,0.949603,1.37812
3.2802,0.0207631,3.95664,1.11903,0.942067,1.37264
3.29198,0.0206147,3.94248,1.0879,0.934612,1.3672
3.30376,0.020468,3.92842,1.05687,0.927239,1.36179
3.31554,0.0203228,3.91447,1.02596,0.919945,1.35643
3.32732,0.0201792,3.90061,0.995155,0.912729,1.3511
3.3391,0.020037,3.88685,0.964459,0.905591,1.3458
3.35088,0.0198964,3.87318,0.933872,0.898529,1.34054
3.36266,0.0197573,3.85962,0.903392,0.891542,1.33532
3.37444,0.0196196,3.84614,0.873018,0.884629,1.33013
3.38622,0.0194833,3.83276,0.84275,0.87779,1.32498
3.39799,0.0193485,3.81948,0.812587,0.871022,1.31987
3.40977,0.019215,3.80628,0.782529,0.864326,1.31478
3.42155,0.0190829,3.79318,0.752574,0.8577,1.30973
3.43333,0.0189522,3.78016,0.722723,0.851143,1.30472
3.44511,0.0188228,3.76724,0.692973,0.844654,1.29973
3.45689,0.0186948,3.7544,0.663325,0.838232,1.29478
3.46867,0.018568,3.74165,0.633778,0.831877,1.28987
3.48045,0.0184425,3.72899,0.604331,0.825588,1.28498
3.49223,0.0183183,3.71641,0.574984,0.819363,1.28013
3.50401,0.0181954,3.70392,0.545735,0.813201,1.2753
3.51579,0.0180737,3.69151,0.516585,0.807103,1.27051
3.52757,0.0179532,3.67918,0.487532,0.801067,1.26575
3.53935,0.0178339,3.66694,0.458576,0.795092,1.26102
3.55113,0.0177157,3.65477,0.429716,0.789177,1.25633
3.56291,0.0175988,3.64269,0.400952,0.783322,1.25166
3.57469,0.017483,3.63068,0.372282,0.777526,1.24702
3.58647,0.0173683,3.61876,0.343707,0.771788,1.24241
3.59825,0.0172548,3.60691,0.315226,0.766107,1.23783
3.61003,0.0171424,3.59514,0.286838,0.760483,1.23327
3.6218,0.0170311,3.58345,0.258542,0.754915,1.22875
3.63358,0.0169208,3.57183,0.230338,0.749401,1.22426
3.64536,0.0168117,3.56029,0.202225,0.743942,1.21979
3.65714,0.0167035,3.54883,0.174204,0.738537,1.21535
3.66892,0.0165964,3.53743,0.146272,0.733185,1.21094
3.6807,0.0164904,3.52611,0.118429,0.727885,1.20655
3.69248,0.0163853,3.51486,0.0906762,0.722637,1.2022
3.70426,0.0162813,3.50368,0.0630113,0.71744,1.19786
3.71604,0.0161782,3.49258,0.0354342,0.712294,1.19356
3.72782,0.0160762,3.48154,0.00794443,0.707197,1.18928
3.7396,0.015975,3.47058,-0.0194586,0.702149,1.18503
3.75138,0.0158749,3.45968,-0.0467755,0.697149,1.1808
3.76316,0.0157756,3.44885,-0.0740068,0.692198,1.1766
3.77494,0.0156773,3.43809,-0.101153,0.687294,1.17243
3.78672,0.01558,3.42739,-0.128214,0.682436,1.16828
3.7985,0.0154835,3.41676,-0.155192,0.677625,1.16415
3.81028,0.0153879,3.4062,-0.182086,0.672859,1.16005
3.82206,0.0152932,3.3957,-0.208897,0.668138,1.15597
3.83383,0.0151994,3.38527,-0.235625,0.663462,1.15192
3.84561,0.0151064,3.3749,-0.262272,0.65883,1.14789
3.85739,0.0150143,3.36459,-0.288837,0.654241,1.14389
3.86917,0.014923,3.35435,-0.315321,0.649694,1.13991
3.88095,0.0148325,3.34417,-0.341724,0.64519,1.13595
3.89273,0.0147429,3.33405,-0.368048,0.640728,1.13201
3.90451,0.0146541,3.32399,-0.394292,0.636308,1.1281
3.91629,0.0145661,3.31399,-0.420456,0.631928,1.12421
3.92807,0.0144788,3.30406,-0.446543,0.627588,1.12035
3.93985,0.0143924,3.29418,-0.472551,0.623288,1.1165
3.95163,0.0143067,3.28436,-0.498481,0.619028,1.11268
3.96341,0.0142218,3.2746,-0.524335,0.614806,1.10888
3.97519,0.0141376,3.26489,-0.550111,0.610623,1.1051
3.98697,0.0140542,3.25525,-0.575812,0.606478,1.10134
3.99875,0.0139715,3.24566,-0.601436,0.602371,1.09761
4.01053,0.0138896,3.23612,-0.626985,0.5983,1.09389
4.02231,0.0138084,3.22665,-0.65246,0.594267,1.0902
4.03409,0.0137278,3.21723,-0.677859,0.590269,1.08653
4.04586,0.013648,3.20786,-0.703185,0.586308,1.08287
4.05764,0.0135689,3.19855,-0.728437,0.582381,1.07924
4.06942,0.0134904,3.18929,-0.753616,0.57849,1.07563
4.0812,0.0134127,3.18008,-0.778722,0.574633,1.07204
4.09298,0.0133356,3.17093,-0.803756,0.570811,1.06847
4.10476,0.0132592,3.16183,-0.828717,0.567022,1.06492
4.11654,0.0131834,3.15278,-0.853608,0.563267,1.06138
4.12832,0.0131083,3.14379,-0.878427,0.559545,1.05787
4.1401,0.0130338,3.13484,-0.903175,0.555855,1.05438
4.15188,0.0129599,3.12595,-0.927853,0.552198,1.0509
4.16366,0.0128867,3.1171,-0.952461,0.548572,1.04745
4.17544,0.0128141,3.10831,-0.977,0.544979,1.04401
4.18722,0.0127421,3.09957,-1.00147,0.541416,1.04059
4.199,0.0126707,3.09087,-1.02587,0.537884,1.03719
4.21078,0.0125999,3.08222,-1.0502,0.534383,1.03381
4.22256,0.0125297,3.07363,-1.07447,0.530912,1.03045
4.23434,0.0124601,3.06508,-1.09866,0.527471,1.0271
4.24612,0.0123911,3.05657,-1.12279,0.524059,1.02378
4.25789,0.0123226,3.04812,-1.14686,0.520677,1.02047
4.26967,0.0122547,3.03971,-1.17085,0.517323,1.01718
4.28145,0.0121874,3.03134,-1.19478,0.513998,1.0139
4.29323,0.0121206,3.02303,-1.21865,0.510701,1.01064
4.30501,0.0120543,3.01476,-1.24245,0.507433,1.00741
4.31679,0.0119886,3.00653,-1.26618,0.504191,1.00418
4.32857,0.0119235,2.99835,-1.28985,0.500977,1.00098
4.34035,0.0118588,2.99021,-1.31345,0.49779,0.997788
4.35213,0.0117947,2.98212,-1.337,0.49463,0.994616
4.36391,0.0117311,2.97407,-1.36047,0.491496,0.99146
4.37569,0.0116681,2.96606,-1.38389,0.488389,0.988321
4.38747,0.0116055,2.9581,-1.40724,0.485307,0.985198
4.39925,0.0115434,2.95018,-1.43053,0.482251,0.982091
4.41103,0.0114819,2.9423,-1.45375,0.47922,0.979
4.42281,0.0114208,2.93446,-1.47692,0.476215,0.975925
4.43459,0.0113602,2.92667,-1.50002,0.473234,0.972865
4.44637,0.0113001,2.91891,-1.52306,0.470277,0.969822
4.45815,0.0112404,2.9112,-1.54604,0.467345,0.966794
4.46992,0.0111813,2.90353,-1.56896,0.464437,0.963781
4.4817,0.0111226,2.8959,-1.59182,0.461553,0.960784
4.49348,0.0110643,2.88831,-1.61462,0.458692,0.957801
4.50526,0.0110066,2.88076,-1.63736,0.455854,0.954834
4.51704,0.0109492,2.87324,-1.66004,0.45304,0.951882
4.52882,0.0108923,2.86577,-1.68266,0.450248,0.948945
4.5406,0.0108359,2.85834,-1.70523,0.447479,0.946022
4.55238,0.0107799,2.85094,-1.72773,0.444732,0.943114
4.56416,0.0107243,2.84358,-1.75018,0.442007,0.94022
4.57594,0.0106692,2.83626,-1.77256,0.439304,0.937341
4.58772,0.0106145,2.82898,-1.79489,0.436623,0.934476
4.5995,0.0105602,2.82173,-1.81717,0.433963,0.931625
4.61128,0.0105063,2.81453,-1.83938,0.431324,0.928789
4.62306,0.0104528,2.80735,-1.86154,0.428706,0.925966
4.63484,0.0103998,2.80022,-1.88365,0.426109,0.923157
4.64662,0.0103471,2.79312,-1.90569,0.423533,0.920362
4.6584,0.0102948,2.78606,-1.92769,0.420977,0.91758
4.67018,0.010243,2.77903,-1.94962,0.418441,0.914812
4.68195,0.0101915,2.77204,-1.9715,0.415925,0.912058
4.69373,0.0101404,2.76508,-1.99333,0.413429,0.909317
4.70551,0.0100897,2.75816,-2.0151,0.410952,0.906589
4.71729,0.0100394,2.75127,-2.03682,0.408495,0.903874
4.72907,0.00998941,2.74442,-2.05848,0.406056,0.901173
4.74085,0.00993984,2.7376,-2.08009,0.403637,0.898484
4.75263,0.00989062,2.73082,-2.10164,0.401237,0.895809
4.76441,0.00984178,2.72406,-2.12314,0.398855,0.893146
4.77619,0.00979329,2.71735,-2.14459,0.396491,0.890496
4.78797,0.00974516,2.71066,-2.16599,0.394146,0.887858
4.79975,0.00969739,2.70401,-2.18733,0.391819,0.885233
4.81153,0.00964997,2.69739,-2.20862,0.389509,0.88262
4.82331,0.00960289,2.6908,-2.22986,0.387218,0.88002
4.83509,0.00955616,2.68425,-2.25105,0.384943,0.877432
4.84687,0.00950976,2.67772,-2.27218,0.382687,0.874856
4.85865,0.00946371,2.67123,-2.29326,0.380447,0.872292
4.87043,0.00941799,2.66477,-2.3143,0.378224,0.86974
4.88221,0.0093726,2.65834,-2.33528,0.376018,0.867201
4.89398,0.00932753,2.65194,-2.35621,0.373829,0.864673
4.90576,0.00928279,2.64557,-2.37709,0.371657,0.862156
4.91754,0.00923837,2.63924,-2.39792,0.369501,0.859652
4.92932,0.00919427,2.63293,-2.4187,0.367361,0.857159
4.9411,0.00915049,2.62665,-2.43944,0.365237,0.854677
4.95288,0.00910701,2.62041,-2.46012,0.363129,0.852207
4.96466,0.00906385,2.61419,-2.48075,0.361036,0.849749
4.97644,0.00902099,2.608,-2.50134,0.35896,0.847301
4.98822,0.00897844,2.60184,-2.52187,0.356898,0.844865
5,0.00893618,2.59571,-2.54236,0.354852,0.84244
